timestamp,cpu_percent,memory_usage_mb,memory_percent,net_io,block_io
1753861952,0,62.21,0.4,363MB / 7.65MB,0B / 0B
1753861954,0.11,62.21,0.4,363MB / 7.65MB,0B / 0B
1753861957,0.03,62.21,0.4,363MB / 7.65MB,0B / 0B
1753861961,33.43,152.4,0.98,363MB / 7.65MB,0B / 0B
1753861963,99.55,199.1,1.28,363MB / 7.65MB,0B / 0B
1753861966,99.55,209.2,1.34,363MB / 7.65MB,0B / 0B
1753861969,99.55,221.3,1.42,363MB / 7.65MB,0B / 0B
1753861972,99.86,231.4,1.49,363MB / 7.65MB,0B / 0B
1753861974,99.86,241.4,1.55,363MB / 7.65MB,0B / 0B
1753861977,100.79,251.6,1.62,363MB / 7.65MB,0B / 0B
1753861981,99.73,263.6,1.69,363MB / 7.65MB,0B / 0B
1753861983,99.8,273.7,1.76,363MB / 7.65MB,0B / 0B
1753861986,100.79,281.7,1.81,363MB / 7.65MB,0B / 0B
1753861989,99.98,293.9,1.89,363MB / 7.65MB,0B / 0B
1753861992,99.86,303.9,1.95,363MB / 7.65MB,0B / 0B
1753861994,99.86,314,2.02,363MB / 7.65MB,0B / 0B
1753861997,100.67,326.1,2.1,363MB / 7.65MB,0B / 0B
1753862001,99.61,338.1,2.17,363MB / 7.65MB,0B / 0B
1753862003,99.8,346.3,2.22,363MB / 7.65MB,0B / 0B
1753862006,100.92,356.4,2.29,363MB / 7.65MB,0B / 0B
1753862009,99.73,366.4,2.35,363MB / 7.65MB,0B / 0B
1753862012,99.73,378.6,2.43,363MB / 7.65MB,0B / 0B
1753862014,99.86,386.7,2.48,363MB / 7.65MB,0B / 0B
1753862017,99.8,420.1,2.7,363MB / 7.65MB,0B / 0B
1753862021,532.76,490.1,3.15,363MB / 7.65MB,0B / 0B
1753862023,1602.19,679.3,4.36,363MB / 7.65MB,0B / 0B
1753862026,1598.95,679.3,4.36,363MB / 7.65MB,0B / 0B
1753862029,1610.72,679.2,4.36,363MB / 7.65MB,0B / 0B
1753862032,1599.81,679.2,4.36,363MB / 7.65MB,0B / 0B
1753862034,1601.5,679.2,4.36,363MB / 7.65MB,0B / 0B
1753862037,1600.88,679.2,4.36,363MB / 7.65MB,0B / 0B
1753862041,1599.12,679.2,4.36,363MB / 7.65MB,0B / 0B
1753862043,1371.97,679.4,4.36,363MB / 7.65MB,0B / 0B
1753862046,1599.43,679.4,4.36,363MB / 7.65MB,0B / 0B
1753862049,1595.6,679.4,4.36,363MB / 7.65MB,0B / 0B
1753862052,1599.57,679.4,4.36,363MB / 7.65MB,0B / 0B
1753862054,1596.85,679.4,4.36,363MB / 7.65MB,0B / 0B
1753862057,1600.12,679.4,4.36,363MB / 7.65MB,0B / 0B
1753862061,965.25,679.4,4.36,363MB / 7.65MB,0B / 0B
1753862063,1600.27,679.4,4.36,363MB / 7.65MB,0B / 0B
1753862066,0,198.1,1.27,363MB / 7.65MB,0B / 0B
1753862069,0,198.1,1.27,363MB / 7.65MB,0B / 0B
1753862072,0,198.1,1.27,363MB / 7.65MB,0B / 0B
1753862074,0,198.1,1.27,363MB / 7.65MB,0B / 0B
1753862077,0,198.1,1.27,363MB / 7.65MB,0B / 0B
1753862081,0,198.1,1.27,363MB / 7.65MB,0B / 0B
1753862083,0,198.1,1.27,363MB / 7.65MB,0B / 0B
1753862086,0,198.1,1.27,363MB / 7.65MB,0B / 0B
1753862089,0,198.1,1.27,363MB / 7.65MB,0B / 0B
1753862092,0,198.1,1.27,363MB / 7.65MB,0B / 0B
1753862094,0,198.1,1.27,363MB / 7.65MB,0B / 0B
1753862097,0,198.1,1.27,363MB / 7.65MB,0B / 0B
1753862101,0,198.1,1.27,363MB / 7.65MB,0B / 0B
1753862103,0,198.1,1.27,363MB / 7.65MB,0B / 0B
1753862106,0,198.1,1.27,363MB / 7.65MB,0B / 0B
1753862109,0,198.1,1.27,363MB / 7.65MB,0B / 0B
1753862112,0,198.1,1.27,363MB / 7.65MB,0B / 0B
1753862114,0,198.1,1.27,363MB / 7.65MB,0B / 0B
1753862117,0,198.1,1.27,363MB / 7.65MB,0B / 0B
1753862121,0,198.1,1.27,363MB / 7.65MB,0B / 0B
1753862123,0,198.1,1.27,363MB / 7.65MB,0B / 0B
1753862126,0,198.1,1.27,363MB / 7.65MB,0B / 0B
1753862129,0,198.1,1.27,363MB / 7.65MB,0B / 0B
1753862132,0,198.1,1.27,363MB / 7.65MB,0B / 0B
1753862134,0,198.1,1.27,363MB / 7.65MB,0B / 0B
1753862137,0,198.1,1.27,363MB / 7.65MB,0B / 0B
1753862141,0,198.1,1.27,363MB / 7.65MB,0B / 0B
1753862143,0,198.1,1.27,363MB / 7.65MB,0B / 0B
1753862146,0,198.1,1.27,363MB / 7.65MB,0B / 0B
1753862149,0,198.1,1.27,363MB / 7.65MB,0B / 0B
1753862152,0,198.1,1.27,363MB / 7.65MB,0B / 0B
1753862154,0,198.1,1.27,363MB / 7.65MB,0B / 0B
1753862157,0,198.1,1.27,363MB / 7.65MB,0B / 0B
1753862161,0,198.1,1.27,363MB / 7.65MB,0B / 0B
1753862163,0,198.1,1.27,363MB / 7.65MB,0B / 0B
1753862166,0,198.1,1.27,363MB / 7.65MB,0B / 0B
1753862169,0,198.1,1.27,363MB / 7.65MB,0B / 0B
1753862172,0,198.1,1.27,363MB / 7.65MB,0B / 0B
1753862174,0,198.1,1.27,363MB / 7.65MB,0B / 0B
1753862177,0,198.1,1.27,363MB / 7.65MB,0B / 0B
1753862181,0,198.1,1.27,363MB / 7.65MB,0B / 0B
1753862183,0,198.1,1.27,363MB / 7.65MB,0B / 0B
1753862186,0,198.1,1.27,363MB / 7.65MB,0B / 0B
1753862189,0,198.1,1.27,363MB / 7.65MB,0B / 0B
1753862192,0,198.1,1.27,363MB / 7.65MB,0B / 0B
1753862194,0,198.1,1.27,363MB / 7.65MB,0B / 0B
1753862197,0,198.1,1.27,363MB / 7.65MB,0B / 0B
1753862201,0,198.1,1.27,363MB / 7.65MB,0B / 0B
1753862203,0,198.1,1.27,363MB / 7.65MB,0B / 0B
1753862206,0,198.1,1.27,363MB / 7.65MB,0B / 0B
1753862209,0,198.1,1.27,363MB / 7.65MB,0B / 0B
1753862212,0,198.1,1.27,363MB / 7.65MB,0B / 0B
1753862214,0,198.1,1.27,363MB / 7.65MB,0B / 0B
1753862217,0,198.1,1.27,363MB / 7.65MB,0B / 0B
1753862221,0,198.1,1.27,363MB / 7.65MB,0B / 0B
1753862223,0,198.1,1.27,363MB / 7.65MB,0B / 0B
1753862226,0,198.1,1.27,363MB / 7.65MB,0B / 0B
1753862229,0,198.1,1.27,363MB / 7.65MB,0B / 0B
1753862232,0,198.1,1.27,363MB / 7.65MB,0B / 0B
1753862234,0,198.1,1.27,363MB / 7.65MB,0B / 0B
1753862238,0,198.1,1.27,363MB / 7.65MB,0B / 0B
1753862241,0,198.1,1.27,363MB / 7.65MB,0B / 0B
1753862243,0,198.1,1.27,363MB / 7.65MB,0B / 0B
1753862246,0,198.1,1.27,363MB / 7.65MB,0B / 0B
1753862249,0,198.1,1.27,363MB / 7.65MB,0B / 0B
1753862252,0,198.1,1.27,363MB / 7.65MB,0B / 0B
1753862254,0,198.1,1.27,363MB / 7.65MB,0B / 0B
1753862258,0,198.1,1.27,363MB / 7.65MB,0B / 0B
1753862261,0,198.1,1.27,363MB / 7.65MB,0B / 0B
1753862263,0,198.1,1.27,363MB / 7.65MB,0B / 0B
1753862266,0,198.1,1.27,363MB / 7.65MB,0B / 0B
1753862269,0,198.1,1.27,363MB / 7.65MB,0B / 0B
1753862272,0,198.1,1.27,363MB / 7.65MB,0B / 0B
1753862275,0,198.1,1.27,363MB / 7.65MB,0B / 0B
1753862278,0,198.1,1.27,363MB / 7.65MB,0B / 0B
1753862281,0,198.1,1.27,363MB / 7.65MB,0B / 0B
1753862283,0,198.1,1.27,363MB / 7.65MB,0B / 0B
1753862286,0,198.1,1.27,363MB / 7.65MB,0B / 0B
1753862289,0,198.1,1.27,363MB / 7.65MB,0B / 0B
1753862292,0,198.1,1.27,363MB / 7.65MB,0B / 0B
1753862295,0,198.1,1.27,363MB / 7.65MB,0B / 0B
1753862298,0,198.1,1.27,363MB / 7.65MB,0B / 0B
1753862301,0,198.1,1.27,363MB / 7.65MB,0B / 0B
1753862303,0,198.1,1.27,363MB / 7.65MB,0B / 0B
1753862306,0,198.1,1.27,363MB / 7.65MB,0B / 0B
1753862309,0,198.1,1.27,363MB / 7.65MB,0B / 0B
1753862312,0,198.1,1.27,363MB / 7.65MB,0B / 0B
1753862315,0,198.1,1.27,363MB / 7.65MB,0B / 0B
1753862318,0,198.1,1.27,363MB / 7.65MB,0B / 0B
1753862321,0,198.1,1.27,363MB / 7.65MB,0B / 0B
1753862323,0,198.1,1.27,363MB / 7.65MB,0B / 0B
1753862326,0,198.1,1.27,363MB / 7.65MB,0B / 0B
1753862329,0,198.1,1.27,363MB / 7.65MB,0B / 0B
1753862332,0,198.1,1.27,363MB / 7.65MB,0B / 0B
1753862335,0,198.1,1.27,363MB / 7.65MB,0B / 0B
1753862338,0,198.1,1.27,363MB / 7.65MB,0B / 0B
1753862341,0,198.1,1.27,363MB / 7.65MB,0B / 0B
1753862343,0,198.1,1.27,363MB / 7.65MB,0B / 0B
1753862346,0,198.1,1.27,363MB / 7.65MB,0B / 0B
1753862349,0,198.1,1.27,363MB / 7.65MB,0B / 0B
1753862352,0,198.1,1.27,363MB / 7.65MB,0B / 0B
1753862355,0,198.1,1.27,363MB / 7.65MB,0B / 0B
1753862358,0,198.1,1.27,363MB / 7.65MB,0B / 0B
1753862361,0,198.1,1.27,363MB / 7.65MB,0B / 0B
1753862363,0,198.1,1.27,363MB / 7.65MB,0B / 0B
1753862366,0,198.1,1.27,363MB / 7.65MB,0B / 0B
1753862369,0,198.1,1.27,363MB / 7.65MB,0B / 0B
1753862372,0,198.1,1.27,363MB / 7.65MB,0B / 0B
1753862375,0,198.1,1.27,363MB / 7.65MB,0B / 0B
1753862378,0,198.1,1.27,363MB / 7.65MB,0B / 0B
1753862381,0,198.1,1.27,363MB / 7.65MB,0B / 0B
1753862383,0,198.1,1.27,363MB / 7.65MB,0B / 0B
1753862386,0,198.1,1.27,363MB / 7.65MB,0B / 0B
1753862389,0,198.1,1.27,363MB / 7.65MB,0B / 0B
1753862392,0,198.1,1.27,363MB / 7.65MB,0B / 0B
1753862395,0,198.1,1.27,363MB / 7.65MB,0B / 0B
1753862398,0,198.1,1.27,363MB / 7.65MB,0B / 0B
1753862401,0,198.1,1.27,363MB / 7.65MB,0B / 0B
1753862403,0,198.1,1.27,363MB / 7.65MB,0B / 0B
1753862406,0,198.1,1.27,363MB / 7.65MB,0B / 0B
1753862409,0,198.1,1.27,363MB / 7.65MB,0B / 0B
1753862412,0,198.1,1.27,363MB / 7.65MB,0B / 0B
1753862415,0,198.1,1.27,363MB / 7.65MB,0B / 0B
1753862418,0,198.1,1.27,363MB / 7.65MB,0B / 0B
1753862421,0,198.1,1.27,363MB / 7.65MB,0B / 0B
1753862424,0,198.1,1.27,363MB / 7.65MB,0B / 0B
1753862426,0,198.1,1.27,363MB / 7.65MB,0B / 0B
1753862429,0,198.1,1.27,363MB / 7.65MB,0B / 0B
1753862432,0,198.1,1.27,363MB / 7.65MB,0B / 0B
1753862435,0,198.1,1.27,363MB / 7.65MB,0B / 0B
1753862438,0,198.1,1.27,363MB / 7.65MB,0B / 0B
1753862441,0,198.1,1.27,363MB / 7.65MB,0B / 0B
1753862444,0,198.1,1.27,363MB / 7.65MB,0B / 0B
1753862446,0,198.1,1.27,363MB / 7.65MB,0B / 0B
1753862449,0,198.1,1.27,363MB / 7.65MB,0B / 0B
1753862452,0,198.1,1.27,363MB / 7.65MB,0B / 0B
1753862455,0,198.1,1.27,363MB / 7.65MB,0B / 0B
1753862458,0,198.1,1.27,363MB / 7.65MB,0B / 0B
1753862461,0,198.1,1.27,363MB / 7.65MB,0B / 0B
1753862464,0,198.1,1.27,363MB / 7.65MB,0B / 0B
1753862466,0,198.1,1.27,363MB / 7.65MB,0B / 0B
1753862469,0,198.1,1.27,363MB / 7.65MB,0B / 0B
1753862472,0,198.1,1.27,363MB / 7.65MB,0B / 0B
1753862475,0,198.1,1.27,363MB / 7.65MB,0B / 0B
1753862478,0,198.1,1.27,363MB / 7.65MB,0B / 0B
1753862481,0,198.1,1.27,363MB / 7.65MB,0B / 0B
1753862484,0,198.1,1.27,363MB / 7.65MB,0B / 0B
1753862486,0,198.1,1.27,363MB / 7.65MB,0B / 0B
1753862489,0,198.1,1.27,363MB / 7.65MB,0B / 0B
1753862492,0,198.1,1.27,363MB / 7.65MB,0B / 0B
1753862495,0,198.1,1.27,363MB / 7.65MB,0B / 0B
1753862498,0,198.1,1.27,363MB / 7.65MB,0B / 0B
1753862501,0,198.1,1.27,363MB / 7.65MB,0B / 0B
1753862504,0,198.1,1.27,363MB / 7.65MB,0B / 0B
1753862506,0,198.1,1.27,363MB / 7.65MB,0B / 0B
1753862509,0,198.1,1.27,363MB / 7.65MB,0B / 0B
1753862512,0,198.1,1.27,363MB / 7.65MB,0B / 0B
1753862515,0,198.1,1.27,363MB / 7.65MB,0B / 0B
1753862518,0,198.1,1.27,363MB / 7.65MB,0B / 0B
1753862521,0,198.1,1.27,363MB / 7.65MB,0B / 0B
1753862524,0,198.1,1.27,363MB / 7.65MB,0B / 0B
1753862526,0,198.1,1.27,363MB / 7.65MB,0B / 0B
1753862529,0,198.1,1.27,363MB / 7.65MB,0B / 0B
1753862532,0,198.1,1.27,363MB / 7.65MB,0B / 0B
1753862535,0,198.1,1.27,363MB / 7.65MB,0B / 0B
1753862538,0,198.1,1.27,363MB / 7.65MB,0B / 0B
1753862541,0,198.1,1.27,363MB / 7.65MB,0B / 0B
1753862544,0,198.1,1.27,363MB / 7.65MB,0B / 0B
1753862546,0,198.1,1.27,363MB / 7.65MB,0B / 0B
1753862549,0,198.1,1.27,363MB / 7.65MB,0B / 0B
1753862552,0,198.1,1.27,363MB / 7.65MB,0B / 0B
1753862555,0,198.1,1.27,363MB / 7.65MB,0B / 0B
1753862558,0,198.1,1.27,363MB / 7.65MB,0B / 0B
1753862561,0,198.1,1.27,363MB / 7.65MB,0B / 0B
1753862564,0,198.1,1.27,363MB / 7.65MB,0B / 0B
1753862566,0,198.1,1.27,363MB / 7.65MB,0B / 0B
1753862569,0,198.1,1.27,363MB / 7.65MB,0B / 0B
1753862572,0,198.1,1.27,363MB / 7.65MB,0B / 0B
1753862575,0,198.1,1.27,363MB / 7.65MB,0B / 0B
1753862578,0,198.1,1.27,363MB / 7.65MB,0B / 0B
1753862581,0,198.1,1.27,363MB / 7.65MB,0B / 0B
1753862584,0,198.1,1.27,363MB / 7.65MB,0B / 0B
1753862586,0,198.1,1.27,363MB / 7.65MB,0B / 0B
1753862589,0,198.1,1.27,363MB / 7.65MB,0B / 0B
1753862592,0,198.1,1.27,363MB / 7.65MB,0B / 0B
1753862595,0,198.1,1.27,363MB / 7.65MB,0B / 0B
1753862598,0,198.1,1.27,363MB / 7.65MB,0B / 0B
1753862601,0,198.1,1.27,363MB / 7.65MB,0B / 0B
1753862604,0,198.1,1.27,363MB / 7.65MB,0B / 0B
1753862606,0,198.1,1.27,363MB / 7.65MB,0B / 0B
1753862609,0,198.1,1.27,363MB / 7.65MB,0B / 0B
1753862612,0,198.1,1.27,363MB / 7.65MB,0B / 0B
1753862615,0,198.1,1.27,363MB / 7.65MB,0B / 0B
1753862618,0,198.1,1.27,363MB / 7.65MB,0B / 0B
1753862621,0,198.1,1.27,363MB / 7.65MB,0B / 0B
1753862624,0,198.1,1.27,363MB / 7.65MB,0B / 0B
1753862626,0,198.1,1.27,363MB / 7.65MB,0B / 0B
1753862629,0,198.1,1.27,363MB / 7.65MB,0B / 0B
1753862632,0,198.1,1.27,363MB / 7.65MB,0B / 0B
1753862635,0,198.1,1.27,363MB / 7.65MB,0B / 0B
1753862638,0,198.1,1.27,363MB / 7.65MB,0B / 0B
1753862641,0,198.1,1.27,363MB / 7.65MB,0B / 0B
1753862644,0,198.1,1.27,363MB / 7.65MB,0B / 0B
1753862646,0,198.1,1.27,363MB / 7.65MB,0B / 0B
1753862649,0,198.1,1.27,363MB / 7.65MB,0B / 0B
1753862652,0,198.1,1.27,363MB / 7.65MB,0B / 0B
1753862655,0,198.1,1.27,363MB / 7.65MB,0B / 0B
1753862658,0,198.1,1.27,363MB / 7.65MB,0B / 0B
1753862661,0,198.1,1.27,363MB / 7.65MB,0B / 0B
1753862664,0,198.1,1.27,363MB / 7.65MB,0B / 0B
1753862666,0,198.1,1.27,363MB / 7.65MB,0B / 0B
1753862669,0,198.1,1.27,363MB / 7.65MB,0B / 0B
1753862672,0,198.1,1.27,363MB / 7.65MB,0B / 0B
1753862675,0,198.1,1.27,363MB / 7.65MB,0B / 0B
1753862678,0,61.01,0.39,363MB / 7.65MB,0B / 0B
1753862681,0,61.01,0.39,363MB / 7.65MB,0B / 0B
1753862684,0,61.01,0.39,363MB / 7.65MB,0B / 0B
1753862686,0,61.01,0.39,363MB / 7.65MB,0B / 0B
1753862689,0,61.01,0.39,363MB / 7.65MB,0B / 0B
1753862692,0,61.01,0.39,363MB / 7.65MB,0B / 0B
1753862695,0,61.01,0.39,363MB / 7.65MB,0B / 0B
1753862698,0,61.01,0.39,363MB / 7.65MB,0B / 0B
1753862701,0,61.01,0.39,363MB / 7.65MB,0B / 0B
1753862704,0,61.01,0.39,363MB / 7.65MB,0B / 0B
1753862706,0,61.01,0.39,363MB / 7.65MB,0B / 0B
1753862709,0,61.01,0.39,363MB / 7.65MB,0B / 0B
1753862712,0,61.01,0.39,363MB / 7.65MB,0B / 0B
1753862715,0,61.01,0.39,363MB / 7.65MB,0B / 0B
1753862718,0,61.01,0.39,363MB / 7.65MB,0B / 0B
1753862721,0,61.01,0.39,363MB / 7.65MB,0B / 0B
1753862724,0,61.01,0.39,363MB / 7.65MB,0B / 0B
1753862726,0,61.01,0.39,363MB / 7.65MB,0B / 0B
1753862729,0,61.01,0.39,363MB / 7.65MB,0B / 0B
1753862732,0,61.01,0.39,363MB / 7.65MB,0B / 0B
1753862735,0,61.01,0.39,363MB / 7.65MB,0B / 0B
1753862738,0,61.01,0.39,363MB / 7.65MB,0B / 0B
1753862741,0,61.01,0.39,363MB / 7.65MB,0B / 0B
1753862744,0,61.01,0.39,363MB / 7.65MB,0B / 0B
1753862746,0,61.01,0.39,363MB / 7.65MB,0B / 0B
1753862749,0,61.01,0.39,363MB / 7.65MB,0B / 0B
1753862752,0,61.01,0.39,363MB / 7.65MB,0B / 0B
1753862755,0,61.01,0.39,363MB / 7.65MB,0B / 0B
1753862758,0,61.01,0.39,363MB / 7.65MB,0B / 0B
1753862761,0,61.01,0.39,363MB / 7.65MB,0B / 0B
1753862764,0,61.01,0.39,363MB / 7.65MB,0B / 0B
1753862766,0,61.01,0.39,363MB / 7.65MB,0B / 0B
1753862769,0,61.01,0.39,363MB / 7.65MB,0B / 0B
1753862772,0,61.01,0.39,363MB / 7.65MB,0B / 0B
1753862775,0,61.01,0.39,363MB / 7.65MB,0B / 0B
1753862778,0,61.01,0.39,363MB / 7.65MB,0B / 0B
1753862781,0,61.01,0.39,363MB / 7.65MB,0B / 0B
1753862784,0,61.01,0.39,363MB / 7.65MB,0B / 0B
1753862786,0,61.01,0.39,363MB / 7.65MB,0B / 0B
1753862789,0,61.01,0.39,363MB / 7.65MB,0B / 0B
1753862792,0,61.01,0.39,363MB / 7.65MB,0B / 0B
1753862795,0,61.01,0.39,363MB / 7.65MB,0B / 0B
1753862798,0,61.01,0.39,363MB / 7.65MB,0B / 0B
1753862801,0,61.01,0.39,363MB / 7.65MB,0B / 0B
1753862804,0,61.01,0.39,363MB / 7.65MB,0B / 0B
1753862806,0,61.01,0.39,363MB / 7.65MB,0B / 0B
1753862809,0,61.01,0.39,363MB / 7.65MB,0B / 0B
1753862812,0,61.01,0.39,363MB / 7.65MB,0B / 0B
1753862815,0,61.01,0.39,363MB / 7.65MB,0B / 0B
1753862818,0,61.01,0.39,363MB / 7.65MB,0B / 0B
1753862821,0,61.01,0.39,363MB / 7.65MB,0B / 0B
1753862824,0,61.01,0.39,363MB / 7.65MB,0B / 0B
1753862826,0,61.02,0.39,363MB / 7.65MB,0B / 0B
1753862829,0,61.02,0.39,363MB / 7.65MB,0B / 0B
1753862832,0,61.02,0.39,363MB / 7.65MB,0B / 0B
1753862835,0,61.02,0.39,363MB / 7.65MB,0B / 0B
1753862838,0,61.02,0.39,363MB / 7.65MB,0B / 0B
1753862841,0,61.02,0.39,363MB / 7.65MB,0B / 0B
1753862844,0,61.02,0.39,363MB / 7.65MB,0B / 0B
1753862846,0,61.02,0.39,363MB / 7.65MB,0B / 0B
1753862849,0,61.02,0.39,363MB / 7.65MB,0B / 0B
1753862852,0,61.02,0.39,363MB / 7.65MB,0B / 0B
1753862855,0,61.02,0.39,363MB / 7.65MB,0B / 0B
1753862858,0,61.02,0.39,363MB / 7.65MB,0B / 0B
1753862861,0,61.02,0.39,363MB / 7.65MB,0B / 0B
1753862864,0,61.02,0.39,363MB / 7.65MB,0B / 0B
1753862866,0,61.02,0.39,363MB / 7.65MB,0B / 0B
1753862869,0,61.02,0.39,363MB / 7.65MB,0B / 0B
1753862872,0,61.02,0.39,363MB / 7.65MB,0B / 0B
1753862875,0,61.02,0.39,363MB / 7.65MB,0B / 0B
1753862878,0,61.02,0.39,363MB / 7.65MB,0B / 0B
1753862881,0,61.02,0.39,363MB / 7.65MB,0B / 0B
1753862884,0,61.02,0.39,363MB / 7.65MB,0B / 0B
1753862886,0,61.02,0.39,363MB / 7.65MB,0B / 0B
1753862889,0,61.02,0.39,363MB / 7.65MB,0B / 0B
1753862892,0,61.02,0.39,363MB / 7.65MB,0B / 0B
1753862895,0,61.02,0.39,363MB / 7.65MB,0B / 0B
1753862898,0,61.02,0.39,363MB / 7.65MB,0B / 0B
1753862901,0,61.02,0.39,363MB / 7.65MB,0B / 0B
1753862904,0,61.02,0.39,363MB / 7.65MB,0B / 0B
1753862906,0,61.02,0.39,363MB / 7.65MB,0B / 0B
1753862909,0,61.02,0.39,363MB / 7.65MB,0B / 0B
1753862912,0,61.02,0.39,363MB / 7.65MB,0B / 0B
1753862915,0,61.02,0.39,363MB / 7.65MB,0B / 0B
1753862918,0,61.02,0.39,363MB / 7.65MB,0B / 0B
1753862921,0,61.02,0.39,363MB / 7.65MB,0B / 0B
1753862924,0,61.02,0.39,363MB / 7.65MB,0B / 0B
1753862926,0,61.02,0.39,363MB / 7.65MB,0B / 0B
1753862929,0,61.02,0.39,363MB / 7.65MB,0B / 0B
1753862932,0,61.02,0.39,363MB / 7.65MB,0B / 0B
1753862935,0,61.02,0.39,363MB / 7.65MB,0B / 0B
1753862938,0,61.02,0.39,363MB / 7.65MB,0B / 0B
1753862941,0,61.02,0.39,363MB / 7.65MB,0B / 0B
1753862944,0,61.02,0.39,363MB / 7.65MB,0B / 0B
1753862946,0,61.02,0.39,363MB / 7.65MB,0B / 0B
1753862949,0,61.02,0.39,363MB / 7.65MB,0B / 0B
1753862952,0,61.02,0.39,363MB / 7.65MB,0B / 0B
1753862955,0,61.02,0.39,363MB / 7.65MB,0B / 0B
1753862958,0,61.02,0.39,363MB / 7.65MB,0B / 0B
1753862961,0,61.02,0.39,363MB / 7.65MB,0B / 0B
1753862964,0,61.02,0.39,363MB / 7.65MB,0B / 0B
1753862966,0,61.02,0.39,363MB / 7.65MB,0B / 0B
1753862969,0,61.02,0.39,363MB / 7.65MB,0B / 0B
1753862972,0,61.02,0.39,363MB / 7.65MB,0B / 0B
1753862975,0,61.02,0.39,363MB / 7.65MB,0B / 0B
1753862978,0,61.02,0.39,363MB / 7.65MB,0B / 0B
1753862981,0,61.02,0.39,363MB / 7.65MB,0B / 0B
1753862984,0,61.02,0.39,363MB / 7.65MB,0B / 0B
1753862986,0,61.02,0.39,363MB / 7.65MB,0B / 0B
1753862989,0,61.02,0.39,363MB / 7.65MB,0B / 0B
1753862992,0,61.02,0.39,363MB / 7.65MB,0B / 0B
1753862995,0,61.02,0.39,363MB / 7.65MB,0B / 0B
1753862998,0,61.02,0.39,363MB / 7.65MB,0B / 0B
1753863001,0,61.02,0.39,363MB / 7.65MB,0B / 0B
1753863004,0,61.02,0.39,363MB / 7.65MB,0B / 0B
1753863006,0,61.02,0.39,363MB / 7.65MB,0B / 0B
1753863009,0,61.02,0.39,363MB / 7.65MB,0B / 0B
1753863012,0,61.02,0.39,363MB / 7.65MB,0B / 0B
1753863015,0,61.02,0.39,363MB / 7.65MB,0B / 0B
1753863018,0,61.02,0.39,363MB / 7.65MB,0B / 0B
1753863021,0,61.02,0.39,363MB / 7.65MB,0B / 0B
1753863024,0,61.02,0.39,363MB / 7.65MB,0B / 0B
1753863026,0,61.02,0.39,363MB / 7.65MB,0B / 0B
1753863029,0,61.02,0.39,363MB / 7.65MB,0B / 0B
1753863032,0,61.02,0.39,363MB / 7.65MB,0B / 0B
1753863035,0,61.02,0.39,363MB / 7.65MB,0B / 0B
1753863038,0,61.02,0.39,363MB / 7.65MB,0B / 0B
1753863041,0,61.03,0.39,363MB / 7.65MB,0B / 0B
1753863044,0,61.02,0.39,363MB / 7.65MB,0B / 0B
1753863046,0,61.02,0.39,363MB / 7.65MB,0B / 0B
1753863049,0,61.02,0.39,363MB / 7.65MB,0B / 0B
1753863052,0,61.02,0.39,363MB / 7.65MB,0B / 0B
1753863055,0,61.02,0.39,363MB / 7.65MB,0B / 0B
1753863058,0,61.02,0.39,363MB / 7.65MB,0B / 0B
1753863061,0,61.02,0.39,363MB / 7.65MB,0B / 0B
1753863064,0,61.02,0.39,363MB / 7.65MB,0B / 0B
1753863066,0,61.02,0.39,363MB / 7.65MB,0B / 0B
1753863069,0,61.04,0.39,363MB / 7.65MB,0B / 0B
1753863072,0,61.04,0.39,363MB / 7.65MB,0B / 0B
1753863075,0,61.02,0.39,363MB / 7.65MB,0B / 0B
1753863078,0,61.02,0.39,363MB / 7.65MB,0B / 0B
1753863081,0,61.02,0.39,363MB / 7.65MB,0B / 0B
1753863084,0,61.02,0.39,363MB / 7.65MB,0B / 0B
1753863086,0,61.02,0.39,363MB / 7.65MB,0B / 0B
1753863089,0,61.02,0.39,363MB / 7.65MB,0B / 0B
1753863092,0,61.02,0.39,363MB / 7.65MB,0B / 0B
1753863095,0,61.02,0.39,363MB / 7.65MB,0B / 0B
1753863098,0,61.02,0.39,363MB / 7.65MB,0B / 0B
1753863101,0,61.04,0.39,363MB / 7.65MB,0B / 0B
1753863104,0,61.04,0.39,363MB / 7.65MB,0B / 0B
1753863106,0,61.02,0.39,363MB / 7.65MB,0B / 0B
1753863109,0,61.02,0.39,363MB / 7.65MB,0B / 0B
1753863112,0,61.02,0.39,363MB / 7.65MB,0B / 0B
1753863115,0,61.02,0.39,363MB / 7.65MB,0B / 0B
1753863118,0,61.02,0.39,363MB / 7.65MB,0B / 0B
1753863121,0,61.02,0.39,363MB / 7.65MB,0B / 0B
1753863124,0,61.02,0.39,363MB / 7.65MB,0B / 0B
1753863126,0,61.02,0.39,363MB / 7.65MB,0B / 0B
1753863129,0,61.02,0.39,363MB / 7.65MB,0B / 0B
1753863132,0,61.02,0.39,363MB / 7.65MB,0B / 0B
1753863135,0,61.02,0.39,363MB / 7.65MB,0B / 0B
1753863138,0,61.02,0.39,363MB / 7.65MB,0B / 0B
1753863141,0,61.02,0.39,363MB / 7.65MB,0B / 0B
1753863144,0,61.02,0.39,363MB / 7.65MB,0B / 0B
1753863146,0,61.02,0.39,363MB / 7.65MB,0B / 0B
1753863149,0,61.02,0.39,363MB / 7.65MB,0B / 0B
1753863153,0,61.02,0.39,363MB / 7.65MB,0B / 0B
1753863155,0,61.02,0.39,363MB / 7.65MB,0B / 0B
1753863158,0,61.02,0.39,363MB / 7.65MB,0B / 0B
1753863161,0,61.02,0.39,363MB / 7.65MB,0B / 0B
1753863164,0,61.02,0.39,363MB / 7.65MB,0B / 0B
1753863166,0,61.02,0.39,363MB / 7.65MB,0B / 0B
1753863169,0,61.02,0.39,363MB / 7.65MB,0B / 0B
1753863172,0,61.02,0.39,363MB / 7.65MB,0B / 0B
1753863175,0,61.02,0.39,363MB / 7.65MB,0B / 0B
1753863178,0,61.02,0.39,363MB / 7.65MB,0B / 0B
1753863181,0,61.02,0.39,363MB / 7.65MB,0B / 0B
1753863184,0,61.02,0.39,363MB / 7.65MB,0B / 0B
1753863186,0,61.02,0.39,363MB / 7.65MB,0B / 0B
1753863189,0,61.02,0.39,363MB / 7.65MB,0B / 0B
1753863193,0,61.02,0.39,363MB / 7.65MB,0B / 0B
1753863195,0,61.02,0.39,363MB / 7.65MB,0B / 0B
1753863198,0,61.02,0.39,363MB / 7.65MB,0B / 0B
1753863201,0,61.02,0.39,363MB / 7.65MB,0B / 0B
1753863204,0,61.02,0.39,363MB / 7.65MB,0B / 0B
1753863207,0,61.02,0.39,363MB / 7.65MB,0B / 0B
1753863210,0,61.02,0.39,363MB / 7.65MB,0B / 0B
1753863213,0,61.02,0.39,363MB / 7.65MB,0B / 0B
1753863215,0,61.02,0.39,363MB / 7.65MB,0B / 0B
1753863218,0,61.02,0.39,363MB / 7.65MB,0B / 0B
1753863221,0,61.04,0.39,363MB / 7.65MB,0B / 0B
1753863224,0,61.04,0.39,363MB / 7.65MB,0B / 0B
1753863227,0,61.04,0.39,363MB / 7.65MB,0B / 0B
1753863230,0,61.02,0.39,363MB / 7.65MB,0B / 0B
1753863233,0,61.02,0.39,363MB / 7.65MB,0B / 0B
1753863235,0,61.02,0.39,363MB / 7.65MB,0B / 0B
1753863238,0,61.02,0.39,363MB / 7.65MB,0B / 0B
1753863241,0,61.02,0.39,363MB / 7.65MB,0B / 0B
1753863244,0,61.02,0.39,363MB / 7.65MB,0B / 0B
1753863246,0,61.02,0.39,363MB / 7.65MB,0B / 0B
1753863250,0,61.02,0.39,363MB / 7.65MB,0B / 0B
1753863253,0,61.02,0.39,363MB / 7.65MB,0B / 0B
1753863255,0,61.02,0.39,363MB / 7.65MB,0B / 0B
1753863258,0,61.02,0.39,363MB / 7.65MB,0B / 0B
1753863261,0,61.02,0.39,363MB / 7.65MB,0B / 0B
1753863264,0,61.02,0.39,363MB / 7.65MB,0B / 0B
1753863267,0,61.02,0.39,363MB / 7.65MB,0B / 0B
1753863270,0,61.02,0.39,363MB / 7.65MB,0B / 0B
1753863273,0,61.02,0.39,363MB / 7.65MB,0B / 0B
1753863275,0,61.02,0.39,363MB / 7.65MB,0B / 0B
1753863278,0,61.02,0.39,363MB / 7.65MB,0B / 0B
1753863281,0,61.02,0.39,363MB / 7.65MB,0B / 0B
1753863284,0,61.02,0.39,363MB / 7.65MB,0B / 0B
1753863287,0,61.02,0.39,363MB / 7.65MB,0B / 0B
1753863290,0,61.02,0.39,363MB / 7.65MB,0B / 0B
1753863293,0,61.02,0.39,363MB / 7.65MB,0B / 0B
1753863295,0,61.02,0.39,363MB / 7.65MB,0B / 0B
1753863298,0,61.02,0.39,363MB / 7.65MB,0B / 0B
1753863301,0,61.02,0.39,363MB / 7.65MB,0B / 0B
1753863304,0,61.02,0.39,363MB / 7.65MB,0B / 0B
1753863307,0,61.02,0.39,363MB / 7.65MB,0B / 0B
1753863310,0,61.03,0.39,363MB / 7.65MB,0B / 0B
1753863313,0,61.03,0.39,363MB / 7.65MB,0B / 0B
1753863315,0,61.03,0.39,363MB / 7.65MB,0B / 0B
1753863318,0,61.02,0.39,363MB / 7.65MB,0B / 0B
1753863322,0,61.02,0.39,363MB / 7.65MB,0B / 0B
1753863324,0,61.02,0.39,363MB / 7.65MB,0B / 0B
1753863327,0,61.02,0.39,363MB / 7.65MB,0B / 0B
1753863330,0,61.02,0.39,363MB / 7.65MB,0B / 0B
1753863333,0,61.02,0.39,363MB / 7.65MB,0B / 0B
1753863335,0,61.02,0.39,363MB / 7.65MB,0B / 0B
1753863338,0,61.02,0.39,363MB / 7.65MB,0B / 0B
1753863342,0,61.04,0.39,363MB / 7.65MB,0B / 0B
1753863344,0,61.04,0.39,363MB / 7.65MB,0B / 0B
1753863347,0,61.04,0.39,363MB / 7.65MB,0B / 0B
1753863350,0,61.02,0.39,363MB / 7.65MB,0B / 0B
1753863353,0,61.02,0.39,363MB / 7.65MB,0B / 0B
1753863355,0,61.02,0.39,363MB / 7.65MB,0B / 0B
1753863358,0,61.02,0.39,363MB / 7.65MB,0B / 0B
1753863362,0,61.02,0.39,363MB / 7.65MB,0B / 0B
1753863364,0,61.02,0.39,363MB / 7.65MB,0B / 0B
1753863367,0,61.02,0.39,363MB / 7.65MB,0B / 0B
1753863370,0,61.02,0.39,363MB / 7.65MB,0B / 0B
1753863373,0,61.02,0.39,363MB / 7.65MB,0B / 0B
1753863375,0,61.02,0.39,363MB / 7.65MB,0B / 0B
1753863378,0,61.02,0.39,363MB / 7.65MB,0B / 0B
1753863382,0,61.02,0.39,363MB / 7.65MB,0B / 0B
1753863384,0,61.02,0.39,363MB / 7.65MB,0B / 0B
1753863387,0,61.02,0.39,363MB / 7.65MB,0B / 0B
1753863390,0,61.02,0.39,363MB / 7.65MB,0B / 0B
1753863393,0,61.02,0.39,363MB / 7.65MB,0B / 0B
1753863395,0,61.02,0.39,363MB / 7.65MB,0B / 0B
1753863398,0,61.02,0.39,363MB / 7.65MB,0B / 0B
1753863402,0,61.02,0.39,363MB / 7.65MB,0B / 0B
1753863404,0,61.02,0.39,363MB / 7.65MB,0B / 0B
1753863407,0,61.02,0.39,363MB / 7.65MB,0B / 0B
1753863410,0,61.02,0.39,363MB / 7.65MB,0B / 0B
1753863413,0,61.02,0.39,363MB / 7.65MB,0B / 0B
1753863415,0,61.02,0.39,363MB / 7.65MB,0B / 0B
1753863418,0,61.02,0.39,363MB / 7.65MB,0B / 0B
1753863422,0,61.02,0.39,363MB / 7.65MB,0B / 0B
1753863424,0,61.02,0.39,363MB / 7.65MB,0B / 0B
1753863427,0,61.02,0.39,363MB / 7.65MB,0B / 0B
1753863430,0,61.02,0.39,363MB / 7.65MB,0B / 0B
1753863433,0,61.02,0.39,363MB / 7.65MB,0B / 0B
1753863435,0,61.02,0.39,363MB / 7.65MB,0B / 0B
1753863438,0,61.02,0.39,363MB / 7.65MB,0B / 0B
1753863442,0,61.02,0.39,363MB / 7.65MB,0B / 0B
1753863444,0,61.02,0.39,363MB / 7.65MB,0B / 0B
1753863447,0,61.02,0.39,363MB / 7.65MB,0B / 0B
1753863450,0,61.02,0.39,363MB / 7.65MB,0B / 0B
1753863453,0,61.02,0.39,363MB / 7.65MB,0B / 0B
1753863455,0,61.02,0.39,363MB / 7.65MB,0B / 0B
1753863458,0,61.02,0.39,363MB / 7.65MB,0B / 0B
1753863462,0,61.03,0.39,363MB / 7.65MB,0B / 0B
1753863464,0,61.02,0.39,363MB / 7.65MB,0B / 0B
1753863467,0,61.02,0.39,363MB / 7.65MB,0B / 0B
1753863470,0,61.02,0.39,363MB / 7.65MB,0B / 0B
1753863473,0,61.02,0.39,363MB / 7.65MB,0B / 0B
1753863475,0,61.02,0.39,363MB / 7.65MB,0B / 0B
1753863478,0,61.02,0.39,363MB / 7.65MB,0B / 0B
1753863482,0,61.02,0.39,363MB / 7.65MB,0B / 0B
1753863484,0,61.02,0.39,363MB / 7.65MB,0B / 0B
1753863487,0,61.02,0.39,363MB / 7.65MB,0B / 0B
1753863490,0,61.04,0.39,363MB / 7.65MB,0B / 0B
1753863493,0,61.02,0.39,363MB / 7.65MB,0B / 0B
1753863495,0,61.02,0.39,363MB / 7.65MB,0B / 0B
1753863498,0,61.02,0.39,363MB / 7.65MB,0B / 0B
1753863502,0,61.02,0.39,363MB / 7.65MB,0B / 0B
1753863504,0,61.02,0.39,363MB / 7.65MB,0B / 0B
1753863507,0,61.02,0.39,363MB / 7.65MB,0B / 0B
1753863510,0,61.02,0.39,363MB / 7.65MB,0B / 0B
1753863513,0,61.02,0.39,363MB / 7.65MB,0B / 0B
1753863515,0,61.02,0.39,363MB / 7.65MB,0B / 0B
1753863518,0,61.02,0.39,363MB / 7.65MB,0B / 0B
1753863522,0,61.04,0.39,363MB / 7.65MB,0B / 0B
1753863524,0,61.02,0.39,363MB / 7.65MB,0B / 0B
1753863527,0,61.02,0.39,363MB / 7.65MB,0B / 0B
1753863530,0,61.02,0.39,363MB / 7.65MB,0B / 0B
1753863533,0,61.02,0.39,363MB / 7.65MB,0B / 0B
1753863535,0,61.02,0.39,363MB / 7.65MB,0B / 0B
1753863538,0,61.02,0.39,363MB / 7.65MB,0B / 0B
1753863542,0,61.02,0.39,363MB / 7.65MB,0B / 0B
1753863544,0,61.02,0.39,363MB / 7.65MB,0B / 0B
1753863547,0,61.02,0.39,363MB / 7.65MB,0B / 0B
1753863550,0,61.02,0.39,363MB / 7.65MB,0B / 0B
1753863553,0,61.02,0.39,363MB / 7.65MB,0B / 0B
1753863555,0,61.02,0.39,363MB / 7.65MB,0B / 0B
1753863558,0,61.02,0.39,363MB / 7.65MB,0B / 0B
1753863562,0,61.02,0.39,363MB / 7.65MB,0B / 0B
1753863564,0,61.02,0.39,363MB / 7.65MB,0B / 0B
1753863567,0,61.02,0.39,363MB / 7.65MB,0B / 0B
1753863570,0,61.02,0.39,363MB / 7.65MB,0B / 0B
1753863573,0,61.02,0.39,363MB / 7.65MB,0B / 0B
1753863575,0,61.02,0.39,363MB / 7.65MB,0B / 0B
1753863578,0,61.02,0.39,363MB / 7.65MB,0B / 0B
1753863582,0,61.04,0.39,363MB / 7.65MB,0B / 0B
1753863584,0,61.04,0.39,363MB / 7.65MB,0B / 0B
1753863587,0,61.02,0.39,363MB / 7.65MB,0B / 0B
1753863590,0,61.02,0.39,363MB / 7.65MB,0B / 0B
1753863593,0,61.02,0.39,363MB / 7.65MB,0B / 0B
1753863595,0,61.02,0.39,363MB / 7.65MB,0B / 0B
1753863598,0,61.02,0.39,363MB / 7.65MB,0B / 0B
1753863602,0,61.02,0.39,363MB / 7.65MB,0B / 0B
1753863604,0,61.02,0.39,363MB / 7.65MB,0B / 0B
1753863607,0,61.02,0.39,363MB / 7.65MB,0B / 0B
1753863610,0,61.05,0.39,363MB / 7.65MB,0B / 0B
1753863613,0,61.05,0.39,363MB / 7.65MB,0B / 0B
1753863615,0,61.05,0.39,363MB / 7.65MB,0B / 0B
1753863618,0,61.02,0.39,363MB / 7.65MB,0B / 0B
1753863622,0,61.02,0.39,363MB / 7.65MB,0B / 0B
1753863624,0,61.02,0.39,363MB / 7.65MB,0B / 0B
1753863627,0,61.02,0.39,363MB / 7.65MB,0B / 0B
1753863630,0,61.02,0.39,363MB / 7.65MB,0B / 0B
1753863633,0,61.02,0.39,363MB / 7.65MB,0B / 0B
1753863635,0,61.02,0.39,363MB / 7.65MB,0B / 0B
1753863638,0,61.05,0.39,363MB / 7.65MB,0B / 0B
1753863642,0,61.05,0.39,363MB / 7.65MB,0B / 0B
1753863644,0,61.05,0.39,363MB / 7.65MB,0B / 0B
1753863647,0,61.05,0.39,363MB / 7.65MB,0B / 0B
1753863650,0,61.02,0.39,363MB / 7.65MB,0B / 0B
1753863653,0,61.02,0.39,363MB / 7.65MB,0B / 0B
1753863655,0,61.02,0.39,363MB / 7.65MB,0B / 0B
1753863658,0,61.02,0.39,363MB / 7.65MB,0B / 0B
1753863662,0,61.02,0.39,363MB / 7.65MB,0B / 0B
1753863664,0,61.02,0.39,363MB / 7.65MB,0B / 0B
1753863667,0,61.02,0.39,363MB / 7.65MB,0B / 0B
1753863670,0,61.03,0.39,363MB / 7.65MB,0B / 0B
1753863673,0,61.03,0.39,363MB / 7.65MB,0B / 0B
1753863675,0,61.03,0.39,363MB / 7.65MB,0B / 0B
1753863678,0,61.02,0.39,363MB / 7.65MB,0B / 0B
1753863682,0,61.02,0.39,363MB / 7.65MB,0B / 0B
1753863684,0,61.02,0.39,363MB / 7.65MB,0B / 0B
1753863687,0,61.02,0.39,363MB / 7.65MB,0B / 0B
1753863690,0,61.02,0.39,363MB / 7.65MB,0B / 0B
1753863693,0,61.02,0.39,363MB / 7.65MB,0B / 0B
1753863695,0,61.02,0.39,363MB / 7.65MB,0B / 0B
1753863698,0,61.04,0.39,363MB / 7.65MB,0B / 0B
1753863702,0,61.04,0.39,363MB / 7.65MB,0B / 0B
1753863704,0,61.04,0.39,363MB / 7.65MB,0B / 0B
1753863707,0,61.04,0.39,363MB / 7.65MB,0B / 0B
1753863710,0,61.02,0.39,363MB / 7.65MB,0B / 0B
1753863713,0,61.02,0.39,363MB / 7.65MB,0B / 0B
1753863715,0,61.02,0.39,363MB / 7.65MB,0B / 0B
1753863718,0,61.02,0.39,363MB / 7.65MB,0B / 0B
1753863722,0,61.02,0.39,363MB / 7.65MB,0B / 0B
1753863724,0,61.02,0.39,363MB / 7.65MB,0B / 0B
1753863727,0,61.02,0.39,363MB / 7.65MB,0B / 0B
1753863730,0,61.02,0.39,363MB / 7.65MB,0B / 0B
1753863733,0,61.02,0.39,363MB / 7.65MB,0B / 0B
1753863735,0,61.02,0.39,363MB / 7.65MB,0B / 0B
1753863739,0,61.02,0.39,363MB / 7.65MB,0B / 0B
1753863742,0,61.02,0.39,363MB / 7.65MB,0B / 0B
1753863744,0,61.02,0.39,363MB / 7.65MB,0B / 0B
1753863747,0,61.02,0.39,363MB / 7.65MB,0B / 0B
1753863750,0,61.02,0.39,363MB / 7.65MB,0B / 0B
1753863753,0,61.02,0.39,363MB / 7.65MB,0B / 0B
1753863756,0,61.02,0.39,363MB / 7.65MB,0B / 0B
1753863759,0,61.04,0.39,363MB / 7.65MB,0B / 0B
1753863762,0,61.04,0.39,363MB / 7.65MB,0B / 0B
1753863764,0,61.04,0.39,363MB / 7.65MB,0B / 0B
1753863767,0,61.04,0.39,363MB / 7.65MB,0B / 0B
1753863770,0,61.04,0.39,363MB / 7.65MB,0B / 0B
1753863773,0,61.04,0.39,363MB / 7.65MB,0B / 0B
1753863776,0,61.02,0.39,363MB / 7.65MB,0B / 0B
1753863779,0,61.02,0.39,363MB / 7.65MB,0B / 0B
1753863782,0,61.02,0.39,363MB / 7.65MB,0B / 0B
1753863784,0,61.02,0.39,363MB / 7.65MB,0B / 0B
1753863787,0,61.02,0.39,363MB / 7.65MB,0B / 0B
1753863790,0,61.02,0.39,363MB / 7.65MB,0B / 0B
1753863793,0,61.02,0.39,363MB / 7.65MB,0B / 0B
1753863796,0,61.02,0.39,363MB / 7.65MB,0B / 0B
1753863799,0,61.02,0.39,363MB / 7.65MB,0B / 0B
1753863802,0,61.02,0.39,363MB / 7.65MB,0B / 0B
1753863804,0,61.02,0.39,363MB / 7.65MB,0B / 0B
1753863807,0,61.02,0.39,363MB / 7.65MB,0B / 0B
1753863810,0,61.02,0.39,363MB / 7.65MB,0B / 0B
1753863813,0,61.02,0.39,363MB / 7.65MB,0B / 0B
1753863816,0,61.02,0.39,363MB / 7.65MB,0B / 0B
1753863819,0,61.02,0.39,363MB / 7.65MB,0B / 0B
1753863822,0,61.02,0.39,363MB / 7.65MB,0B / 0B
1753863824,0,61.02,0.39,363MB / 7.65MB,0B / 0B
1753863827,0,61.02,0.39,363MB / 7.65MB,0B / 0B
1753863830,0,61.02,0.39,363MB / 7.65MB,0B / 0B
1753863833,0,61.02,0.39,363MB / 7.65MB,0B / 0B
1753863836,0,61.02,0.39,363MB / 7.65MB,0B / 0B
1753863839,0,61.02,0.39,363MB / 7.65MB,0B / 0B
1753863842,0,61.02,0.39,363MB / 7.65MB,0B / 0B
1753863844,0,61.02,0.39,363MB / 7.65MB,0B / 0B
1753863847,0,61.02,0.39,363MB / 7.65MB,0B / 0B
1753863850,0,61.04,0.39,363MB / 7.65MB,0B / 0B
1753863853,0,61.04,0.39,363MB / 7.65MB,0B / 0B
1753863856,0,61.02,0.39,363MB / 7.65MB,0B / 0B
1753863859,0,61.02,0.39,363MB / 7.65MB,0B / 0B
1753863862,0,61.02,0.39,363MB / 7.65MB,0B / 0B
1753863865,0,61.02,0.39,363MB / 7.65MB,0B / 0B
1753863867,0,61.02,0.39,363MB / 7.65MB,0B / 0B
1753863870,0,61.02,0.39,363MB / 7.65MB,0B / 0B
1753863873,0,61.02,0.39,363MB / 7.65MB,0B / 0B
1753863876,0,61.02,0.39,363MB / 7.65MB,0B / 0B
1753863879,0,61.02,0.39,363MB / 7.65MB,0B / 0B
1753863882,0,61.02,0.39,363MB / 7.65MB,0B / 0B
1753863885,0,61.02,0.39,363MB / 7.65MB,0B / 0B
1753863887,0,61.02,0.39,363MB / 7.65MB,0B / 0B
1753863890,0,61.02,0.39,363MB / 7.65MB,0B / 0B
1753863893,0,61.02,0.39,363MB / 7.65MB,0B / 0B
1753863896,0,61.02,0.39,363MB / 7.65MB,0B / 0B
1753863899,0,61.02,0.39,363MB / 7.65MB,0B / 0B
1753863902,0,61.02,0.39,363MB / 7.65MB,0B / 0B
1753863905,0,61.02,0.39,363MB / 7.65MB,0B / 0B
1753863907,0,61.02,0.39,363MB / 7.65MB,0B / 0B
1753863910,0,61.02,0.39,363MB / 7.65MB,0B / 0B
1753863913,0,61.02,0.39,363MB / 7.65MB,0B / 0B
1753863916,0,61.02,0.39,363MB / 7.65MB,0B / 0B
1753863919,0,61.02,0.39,363MB / 7.65MB,0B / 0B
1753863922,0,61.02,0.39,363MB / 7.65MB,0B / 0B
1753863925,0,61.02,0.39,363MB / 7.65MB,0B / 0B
1753863927,0,61.02,0.39,363MB / 7.65MB,0B / 0B
1753863930,0,61.02,0.39,363MB / 7.65MB,0B / 0B
1753863933,0,61.02,0.39,363MB / 7.65MB,0B / 0B
1753863936,0,61.02,0.39,363MB / 7.65MB,0B / 0B
1753863939,0,61.02,0.39,363MB / 7.65MB,0B / 0B
1753863942,0,61.02,0.39,363MB / 7.65MB,0B / 0B
1753863945,0,61.02,0.39,363MB / 7.65MB,0B / 0B
1753863947,0,61.02,0.39,363MB / 7.65MB,0B / 0B
1753863950,0,61.02,0.39,363MB / 7.65MB,0B / 0B
1753863953,0,61.02,0.39,363MB / 7.65MB,0B / 0B
1753863956,0,61.02,0.39,363MB / 7.65MB,0B / 0B
1753863959,0,61.02,0.39,363MB / 7.65MB,0B / 0B
1753863962,0,61.02,0.39,363MB / 7.65MB,0B / 0B
1753863965,0,61.02,0.39,363MB / 7.65MB,0B / 0B
1753863967,0,61.02,0.39,363MB / 7.65MB,0B / 0B
1753863970,0,61.02,0.39,363MB / 7.65MB,0B / 0B
1753863973,0,61.02,0.39,363MB / 7.65MB,0B / 0B
1753863976,0,61.02,0.39,363MB / 7.65MB,0B / 0B
1753863979,0,61.02,0.39,363MB / 7.65MB,0B / 0B
1753863982,0,61.02,0.39,363MB / 7.65MB,0B / 0B
1753863985,0,61.02,0.39,363MB / 7.65MB,0B / 0B
1753863987,0,61.02,0.39,363MB / 7.65MB,0B / 0B
1753863990,0,61.02,0.39,363MB / 7.65MB,0B / 0B
1753863993,0,61.02,0.39,363MB / 7.65MB,0B / 0B
1753863996,0,61.02,0.39,363MB / 7.65MB,0B / 0B
1753863999,0,61.02,0.39,363MB / 7.65MB,0B / 0B
1753864002,0,61.02,0.39,363MB / 7.65MB,0B / 0B
1753864005,0,61.02,0.39,363MB / 7.65MB,0B / 0B
1753864007,0,61.02,0.39,363MB / 7.65MB,0B / 0B
1753864010,0,61.02,0.39,363MB / 7.65MB,0B / 0B
1753864013,0,61.02,0.39,363MB / 7.65MB,0B / 0B
1753864016,0,61.02,0.39,363MB / 7.65MB,0B / 0B
1753864019,0,61.02,0.39,363MB / 7.65MB,0B / 0B
1753864022,0,61.02,0.39,363MB / 7.65MB,0B / 0B
1753864025,0,61.02,0.39,363MB / 7.65MB,0B / 0B
1753864027,0,61.02,0.39,363MB / 7.65MB,0B / 0B
1753864030,0,61.02,0.39,363MB / 7.65MB,0B / 0B
1753864033,0,61.02,0.39,363MB / 7.65MB,0B / 0B
1753864036,0,61.02,0.39,363MB / 7.65MB,0B / 0B
1753864039,0,61.02,0.39,363MB / 7.65MB,0B / 0B
1753864042,0,61.02,0.39,363MB / 7.65MB,0B / 0B
1753864045,0,61.02,0.39,363MB / 7.65MB,0B / 0B
1753864047,0,61.02,0.39,363MB / 7.65MB,0B / 0B
1753864050,0,61.02,0.39,363MB / 7.65MB,0B / 0B
1753864053,0,61.02,0.39,363MB / 7.65MB,0B / 0B
1753864056,0,61.02,0.39,363MB / 7.65MB,0B / 0B
1753864059,0,61.02,0.39,363MB / 7.65MB,0B / 0B
1753864062,0,61.02,0.39,363MB / 7.65MB,0B / 0B
1753864065,0,61.02,0.39,363MB / 7.65MB,0B / 0B
1753864067,0,61.02,0.39,363MB / 7.65MB,0B / 0B
1753864070,0,61.02,0.39,363MB / 7.65MB,0B / 0B
1753864073,0,61.02,0.39,363MB / 7.65MB,0B / 0B
1753864076,0,61.02,0.39,363MB / 7.65MB,0B / 0B
1753864079,0,61.02,0.39,363MB / 7.65MB,0B / 0B
1753864082,0,61.02,0.39,363MB / 7.65MB,0B / 0B
1753864085,0,61.02,0.39,363MB / 7.65MB,0B / 0B
1753864087,0,61.02,0.39,363MB / 7.65MB,0B / 0B
1753864090,0,61.02,0.39,363MB / 7.65MB,0B / 0B
1753864093,0,61.02,0.39,363MB / 7.65MB,0B / 0B
1753864096,0,61.02,0.39,363MB / 7.65MB,0B / 0B
1753864099,0,61.02,0.39,363MB / 7.65MB,0B / 0B
1753864102,0,61.02,0.39,363MB / 7.65MB,0B / 0B
1753864105,0,61.02,0.39,363MB / 7.65MB,0B / 0B
1753864107,0,61.02,0.39,363MB / 7.65MB,0B / 0B
1753864110,0,61.02,0.39,363MB / 7.65MB,0B / 0B
1753864113,0,61.02,0.39,363MB / 7.65MB,0B / 0B
1753864116,0,61.02,0.39,363MB / 7.65MB,0B / 0B
1753864119,0,61.02,0.39,363MB / 7.65MB,0B / 0B
1753864122,0,61.02,0.39,363MB / 7.65MB,0B / 0B
1753864125,0,61.02,0.39,363MB / 7.65MB,0B / 0B
1753864127,0,61.02,0.39,363MB / 7.65MB,0B / 0B
1753864130,0,61.02,0.39,363MB / 7.65MB,0B / 0B
1753864133,0,61.02,0.39,363MB / 7.65MB,0B / 0B
1753864136,0,61.02,0.39,363MB / 7.65MB,0B / 0B
1753864139,0,61.02,0.39,363MB / 7.65MB,0B / 0B
1753864142,0,61.02,0.39,363MB / 7.65MB,0B / 0B
1753864145,0,61.02,0.39,363MB / 7.65MB,0B / 0B
1753864147,0,61.02,0.39,363MB / 7.65MB,0B / 0B
1753864150,0,61.02,0.39,363MB / 7.65MB,0B / 0B
1753864153,0,61.02,0.39,363MB / 7.65MB,0B / 0B
1753864156,0,61.02,0.39,363MB / 7.65MB,0B / 0B
1753864159,0,61.02,0.39,363MB / 7.65MB,0B / 0B
1753864162,0,61.02,0.39,363MB / 7.65MB,0B / 0B
1753864165,0,61.02,0.39,363MB / 7.65MB,0B / 0B
1753864167,0,61.02,0.39,363MB / 7.65MB,0B / 0B
1753864170,0,61.02,0.39,363MB / 7.65MB,0B / 0B
1753864173,0,61.02,0.39,363MB / 7.65MB,0B / 0B
1753864176,0,61.02,0.39,363MB / 7.65MB,0B / 0B
1753864179,0,61.02,0.39,363MB / 7.65MB,0B / 0B
1753864182,0,61.02,0.39,363MB / 7.65MB,0B / 0B
1753864185,0,61.02,0.39,363MB / 7.65MB,0B / 0B
1753864187,0,61.02,0.39,363MB / 7.65MB,0B / 0B
1753864190,0,61.02,0.39,363MB / 7.65MB,0B / 0B
1753864193,0,61.02,0.39,363MB / 7.65MB,0B / 0B
1753864196,0,61.02,0.39,363MB / 7.65MB,0B / 0B
1753864199,0,61.02,0.39,363MB / 7.65MB,0B / 0B
1753864202,0,61.02,0.39,363MB / 7.65MB,0B / 0B
1753864205,0,61.02,0.39,363MB / 7.65MB,0B / 0B
1753864207,0,61.02,0.39,363MB / 7.65MB,0B / 0B
1753864210,0,61.02,0.39,363MB / 7.65MB,0B / 0B
1753864213,0,61.02,0.39,363MB / 7.65MB,0B / 0B
1753864216,0,61.02,0.39,363MB / 7.65MB,0B / 0B
1753864219,0,61.02,0.39,363MB / 7.65MB,0B / 0B
1753864222,0,61.02,0.39,363MB / 7.65MB,0B / 0B
1753864225,0,61.02,0.39,363MB / 7.65MB,0B / 0B
1753864227,0,61.02,0.39,363MB / 7.65MB,0B / 0B
1753864230,0,61.02,0.39,363MB / 7.65MB,0B / 0B
1753864233,0,61.02,0.39,363MB / 7.65MB,0B / 0B
1753864236,0,61.02,0.39,363MB / 7.65MB,0B / 0B
1753864239,0,61.02,0.39,363MB / 7.65MB,0B / 0B
1753864242,0,61.02,0.39,363MB / 7.65MB,0B / 0B
1753864245,0,61.02,0.39,363MB / 7.65MB,0B / 0B
1753864247,0,61.02,0.39,363MB / 7.65MB,0B / 0B
1753864250,0,61.02,0.39,363MB / 7.65MB,0B / 0B
1753864253,0,61.02,0.39,363MB / 7.65MB,0B / 0B
1753864256,0,61.02,0.39,363MB / 7.65MB,0B / 0B
1753864259,0,61.02,0.39,363MB / 7.65MB,0B / 0B
1753864262,0,61.02,0.39,363MB / 7.65MB,0B / 0B
1753864265,0,61.02,0.39,363MB / 7.65MB,0B / 0B
1753864267,0,61.02,0.39,363MB / 7.65MB,0B / 0B
1753864270,0,61.02,0.39,363MB / 7.65MB,0B / 0B
1753864273,0,61.02,0.39,363MB / 7.65MB,0B / 0B
1753864276,0,61.02,0.39,363MB / 7.65MB,0B / 0B
1753864279,0,61.02,0.39,363MB / 7.65MB,0B / 0B
1753864282,0,61.02,0.39,363MB / 7.65MB,0B / 0B
1753864285,0,61.02,0.39,363MB / 7.65MB,0B / 0B
1753864287,0,61.02,0.39,363MB / 7.65MB,0B / 0B
1753864290,0,61.02,0.39,363MB / 7.65MB,0B / 0B
1753864293,0,61.02,0.39,363MB / 7.65MB,0B / 0B
1753864296,0,61.02,0.39,363MB / 7.65MB,0B / 0B
1753864299,0,61.02,0.39,363MB / 7.65MB,0B / 0B
1753864302,0,61.02,0.39,363MB / 7.65MB,0B / 0B
1753864305,0,61.02,0.39,363MB / 7.65MB,0B / 0B
1753864307,0,61.02,0.39,363MB / 7.65MB,0B / 0B
1753864310,0,61.02,0.39,363MB / 7.65MB,0B / 0B
1753864313,0,61.02,0.39,363MB / 7.65MB,0B / 0B
1753864316,0,61.02,0.39,363MB / 7.65MB,0B / 0B
1753864319,0,61.02,0.39,363MB / 7.65MB,0B / 0B
1753864322,0,61.02,0.39,363MB / 7.65MB,0B / 0B
1753864325,0,61.02,0.39,363MB / 7.65MB,0B / 0B
1753864327,0,61.02,0.39,363MB / 7.65MB,0B / 0B
1753864330,0,61.02,0.39,363MB / 7.65MB,0B / 0B
1753864333,0,61.02,0.39,363MB / 7.65MB,0B / 0B
1753864336,0,61.02,0.39,363MB / 7.65MB,0B / 0B
1753864339,0,61.02,0.39,363MB / 7.65MB,0B / 0B
1753864342,0,61.02,0.39,363MB / 7.65MB,0B / 0B
1753864345,0,61.02,0.39,363MB / 7.65MB,0B / 0B
1753864347,0,61.02,0.39,363MB / 7.65MB,0B / 0B
1753864350,0,61.02,0.39,363MB / 7.65MB,0B / 0B
1753864353,0,61.02,0.39,363MB / 7.65MB,0B / 0B
1753864356,0,61.02,0.39,363MB / 7.65MB,0B / 0B
1753864359,0,61.02,0.39,363MB / 7.65MB,0B / 0B
1753864362,0,61.02,0.39,363MB / 7.65MB,0B / 0B
1753864365,0,61.02,0.39,363MB / 7.65MB,0B / 0B
1753864367,0,61.02,0.39,363MB / 7.65MB,0B / 0B
1753864370,0,61.02,0.39,363MB / 7.65MB,0B / 0B
1753864373,0,61.02,0.39,363MB / 7.65MB,0B / 0B
1753864376,0,61.02,0.39,363MB / 7.65MB,0B / 0B
1753864379,0,61.02,0.39,363MB / 7.65MB,0B / 0B
1753864382,0,61.02,0.39,363MB / 7.65MB,0B / 0B
1753864385,0,61.02,0.39,363MB / 7.65MB,0B / 0B
1753864387,0,61.02,0.39,363MB / 7.65MB,0B / 0B
1753864390,0,61.02,0.39,363MB / 7.65MB,0B / 0B
1753864393,0,61.02,0.39,363MB / 7.65MB,0B / 0B
1753864396,0,61.02,0.39,363MB / 7.65MB,0B / 0B
1753864399,0,61.02,0.39,363MB / 7.65MB,0B / 0B
1753864402,0,61.02,0.39,363MB / 7.65MB,0B / 0B
1753864405,0,61.02,0.39,363MB / 7.65MB,0B / 0B
1753864407,0,61.02,0.39,363MB / 7.65MB,0B / 0B
1753864410,0,61.02,0.39,363MB / 7.65MB,0B / 0B
1753864413,0,61.02,0.39,363MB / 7.65MB,0B / 0B
1753864416,0,61.02,0.39,363MB / 7.65MB,0B / 0B
1753864419,0,61.02,0.39,363MB / 7.65MB,0B / 0B
1753864422,0,61.02,0.39,363MB / 7.65MB,0B / 0B
1753864425,0,61.02,0.39,363MB / 7.65MB,0B / 0B
1753864427,0,61.02,0.39,363MB / 7.65MB,0B / 0B
1753864430,0,61.02,0.39,363MB / 7.65MB,0B / 0B
1753864433,0,61.02,0.39,363MB / 7.65MB,0B / 0B
1753864436,0,61.02,0.39,363MB / 7.65MB,0B / 0B
1753864439,0,61.02,0.39,363MB / 7.65MB,0B / 0B
1753864442,0,61.02,0.39,363MB / 7.65MB,0B / 0B
1753864445,0,61.02,0.39,363MB / 7.65MB,0B / 0B
1753864448,0,61.02,0.39,363MB / 7.65MB,0B / 0B
1753864451,0,61.02,0.39,363MB / 7.65MB,0B / 0B
1753864454,0,61.02,0.39,363MB / 7.65MB,0B / 0B
1753864456,0,61.02,0.39,363MB / 7.65MB,0B / 0B
1753864459,0,61.02,0.39,363MB / 7.65MB,0B / 0B
1753864462,0,61.02,0.39,363MB / 7.65MB,0B / 0B
1753864465,0,61.02,0.39,363MB / 7.65MB,0B / 0B
1753864467,0,61.02,0.39,363MB / 7.65MB,0B / 0B
1753864470,0,61.02,0.39,363MB / 7.65MB,0B / 0B
1753864473,0,61.02,0.39,363MB / 7.65MB,0B / 0B
1753864476,0,61.02,0.39,363MB / 7.65MB,0B / 0B
1753864479,0,61.02,0.39,363MB / 7.65MB,0B / 0B
1753864482,0,61.02,0.39,363MB / 7.65MB,0B / 0B
1753864485,0,61.02,0.39,363MB / 7.65MB,0B / 0B
1753864488,0,61.02,0.39,363MB / 7.65MB,0B / 0B
1753864491,0,61.02,0.39,363MB / 7.65MB,0B / 0B
1753864494,0,61.02,0.39,363MB / 7.65MB,0B / 0B
1753864496,0,61.02,0.39,363MB / 7.65MB,0B / 0B
1753864499,0,61.02,0.39,363MB / 7.65MB,0B / 0B
1753864502,0,61.02,0.39,363MB / 7.65MB,0B / 0B
1753864505,0,61.02,0.39,363MB / 7.65MB,0B / 0B
1753864507,0,61.02,0.39,363MB / 7.65MB,0B / 0B
1753864511,0,61.02,0.39,363MB / 7.65MB,0B / 0B
1753864514,0,61.02,0.39,363MB / 7.65MB,0B / 0B
1753864516,0,61.02,0.39,363MB / 7.65MB,0B / 0B
1753864519,0,61.02,0.39,363MB / 7.65MB,0B / 0B
1753864522,0,61.02,0.39,363MB / 7.65MB,0B / 0B
1753864525,0,61.02,0.39,363MB / 7.65MB,0B / 0B
1753864528,0,61.02,0.39,363MB / 7.65MB,0B / 0B
1753864531,0,61.02,0.39,363MB / 7.65MB,0B / 0B
1753864534,0,61.02,0.39,363MB / 7.65MB,0B / 0B
1753864536,0,61.02,0.39,363MB / 7.65MB,0B / 0B
1753864539,0,61.02,0.39,363MB / 7.65MB,0B / 0B
1753864542,0,61.02,0.39,363MB / 7.65MB,0B / 0B
1753864545,0,61.02,0.39,363MB / 7.65MB,0B / 0B
1753864548,0,61.02,0.39,363MB / 7.65MB,0B / 0B
1753864551,0,61.02,0.39,363MB / 7.65MB,0B / 0B
1753864554,0,61.02,0.39,363MB / 7.65MB,0B / 0B
1753864556,0,61.02,0.39,363MB / 7.65MB,0B / 0B
1753864559,0,61.02,0.39,363MB / 7.65MB,0B / 0B
1753864562,0,61.02,0.39,363MB / 7.65MB,0B / 0B
1753864565,0,61.02,0.39,363MB / 7.65MB,0B / 0B
1753864568,0,61.02,0.39,363MB / 7.65MB,0B / 0B
1753864571,0,61.02,0.39,363MB / 7.65MB,0B / 0B
1753864574,0,61.02,0.39,363MB / 7.65MB,0B / 0B
1753864576,0,61.02,0.39,363MB / 7.65MB,0B / 0B
1753864579,0,61.02,0.39,363MB / 7.65MB,0B / 0B
1753864582,0,61.02,0.39,363MB / 7.65MB,0B / 0B
1753864585,0,61.02,0.39,363MB / 7.65MB,0B / 0B
1753864588,0,61.02,0.39,363MB / 7.65MB,0B / 0B
1753864591,0,61.02,0.39,363MB / 7.65MB,0B / 0B
1753864594,0,61.02,0.39,363MB / 7.65MB,0B / 0B
1753864596,0,61.02,0.39,363MB / 7.65MB,0B / 0B
1753864599,0,61.02,0.39,363MB / 7.65MB,0B / 0B
1753864603,0,61.02,0.39,363MB / 7.65MB,0B / 0B
1753864605,0,61.02,0.39,363MB / 7.65MB,0B / 0B
1753864608,0,61.02,0.39,363MB / 7.65MB,0B / 0B
1753864611,0,61.02,0.39,363MB / 7.65MB,0B / 0B
1753864614,0,61.02,0.39,363MB / 7.65MB,0B / 0B
1753864616,0,61.02,0.39,363MB / 7.65MB,0B / 0B
1753864619,0,61.02,0.39,363MB / 7.65MB,0B / 0B
1753864623,0,61.02,0.39,363MB / 7.65MB,0B / 0B
1753864625,0,61.02,0.39,363MB / 7.65MB,0B / 0B
1753864628,0,61.02,0.39,363MB / 7.65MB,0B / 0B
1753864631,0,61.02,0.39,363MB / 7.65MB,0B / 0B
1753864634,0,61.02,0.39,363MB / 7.65MB,0B / 0B
1753864636,0,61.02,0.39,363MB / 7.65MB,0B / 0B
1753864639,0,61.02,0.39,363MB / 7.65MB,0B / 0B
1753864643,0,61.02,0.39,363MB / 7.65MB,0B / 0B
1753864645,0,61.02,0.39,363MB / 7.65MB,0B / 0B
1753864648,0,61.02,0.39,363MB / 7.65MB,0B / 0B
1753864651,0,61.02,0.39,363MB / 7.65MB,0B / 0B
1753864654,0,61.02,0.39,363MB / 7.65MB,0B / 0B
1753864656,0,61.02,0.39,363MB / 7.65MB,0B / 0B
1753864659,0,61.02,0.39,363MB / 7.65MB,0B / 0B
1753864663,0,61.02,0.39,363MB / 7.65MB,0B / 0B
1753864665,0,61.02,0.39,363MB / 7.65MB,0B / 0B
1753864668,0,61.02,0.39,363MB / 7.65MB,0B / 0B
1753864671,0,61.02,0.39,363MB / 7.65MB,0B / 0B
1753864674,0,61.02,0.39,363MB / 7.65MB,0B / 0B
1753864676,0,61.02,0.39,363MB / 7.65MB,0B / 0B
1753864679,0,61.02,0.39,363MB / 7.65MB,0B / 0B
1753864683,0,61.02,0.39,363MB / 7.65MB,0B / 0B
1753864685,0,61.02,0.39,363MB / 7.65MB,0B / 0B
1753864688,0,61.02,0.39,363MB / 7.65MB,0B / 0B
1753864691,0,61.02,0.39,363MB / 7.65MB,0B / 0B
1753864694,0,61.02,0.39,363MB / 7.65MB,0B / 0B
1753864696,0,61.02,0.39,363MB / 7.65MB,0B / 0B
1753864699,0,61.02,0.39,363MB / 7.65MB,0B / 0B
1753864703,0,61.02,0.39,363MB / 7.65MB,0B / 0B
1753864705,0,61.02,0.39,363MB / 7.65MB,0B / 0B
1753864708,0,61.02,0.39,363MB / 7.65MB,0B / 0B
1753864711,0,61.02,0.39,363MB / 7.65MB,0B / 0B
1753864714,0,61.02,0.39,363MB / 7.65MB,0B / 0B
1753864716,0,61.02,0.39,363MB / 7.65MB,0B / 0B
1753864719,0,61.02,0.39,363MB / 7.65MB,0B / 0B
1753864723,0,61.02,0.39,363MB / 7.65MB,0B / 0B
1753864725,0,61.02,0.39,363MB / 7.65MB,0B / 0B
1753864728,0,61.02,0.39,363MB / 7.65MB,0B / 0B
1753864731,0,61.02,0.39,363MB / 7.65MB,0B / 0B
1753864734,0,61.02,0.39,363MB / 7.65MB,0B / 0B
1753864736,0,61.02,0.39,363MB / 7.65MB,0B / 0B
1753864739,0,61.02,0.39,363MB / 7.65MB,0B / 0B
1753864743,0,61.02,0.39,363MB / 7.65MB,0B / 0B
1753864745,0,61.02,0.39,363MB / 7.65MB,0B / 0B
1753864748,0,61.02,0.39,363MB / 7.65MB,0B / 0B
1753864751,0,61.02,0.39,363MB / 7.65MB,0B / 0B
1753864754,0,61.02,0.39,363MB / 7.65MB,0B / 0B
1753864756,0,61.02,0.39,363MB / 7.65MB,0B / 0B
1753864759,0,61.02,0.39,363MB / 7.65MB,0B / 0B
1753864763,0,61.02,0.39,363MB / 7.65MB,0B / 0B
1753864765,0,61.02,0.39,363MB / 7.65MB,0B / 0B
1753864768,0,61.02,0.39,363MB / 7.65MB,0B / 0B
1753864771,0,61.02,0.39,363MB / 7.65MB,0B / 0B
1753864774,0,61.02,0.39,363MB / 7.65MB,0B / 0B
1753864776,0,61.02,0.39,363MB / 7.65MB,0B / 0B
1753864779,0,61.02,0.39,363MB / 7.65MB,0B / 0B
1753864783,0,61.02,0.39,363MB / 7.65MB,0B / 0B
1753864785,0,61.02,0.39,363MB / 7.65MB,0B / 0B
1753864788,0,61.02,0.39,363MB / 7.65MB,0B / 0B
1753864791,0,61.02,0.39,363MB / 7.65MB,0B / 0B
1753864794,0,61.02,0.39,363MB / 7.65MB,0B / 0B
1753864796,0,61.02,0.39,363MB / 7.65MB,0B / 0B
1753864799,0,61.02,0.39,363MB / 7.65MB,0B / 0B
1753864803,0,61.02,0.39,363MB / 7.65MB,0B / 0B
1753864805,0,61.02,0.39,363MB / 7.65MB,0B / 0B
1753864808,0,61.02,0.39,363MB / 7.65MB,0B / 0B
1753864811,0,61.02,0.39,363MB / 7.65MB,0B / 0B
1753864814,0,61.02,0.39,363MB / 7.65MB,0B / 0B
1753864816,0,61.02,0.39,363MB / 7.65MB,0B / 0B
1753864819,0,61.02,0.39,363MB / 7.65MB,0B / 0B
1753864823,0,61.02,0.39,363MB / 7.65MB,0B / 0B
1753864825,0,61.02,0.39,363MB / 7.65MB,0B / 0B
1753864828,0,61.02,0.39,363MB / 7.65MB,0B / 0B
1753864831,0,61.02,0.39,363MB / 7.65MB,0B / 0B
1753864834,0,61.02,0.39,363MB / 7.65MB,0B / 0B
1753864836,0,61.02,0.39,363MB / 7.65MB,0B / 0B
1753864839,0,61.02,0.39,363MB / 7.65MB,0B / 0B
1753864843,0,61.02,0.39,363MB / 7.65MB,0B / 0B
1753864845,0,61.02,0.39,363MB / 7.65MB,0B / 0B
1753864848,0,61.02,0.39,363MB / 7.65MB,0B / 0B
1753864851,0,61.02,0.39,363MB / 7.65MB,0B / 0B
1753864854,0,61.02,0.39,363MB / 7.65MB,0B / 0B
1753864856,0,61.02,0.39,363MB / 7.65MB,0B / 0B
1753864859,0,61.02,0.39,363MB / 7.65MB,0B / 0B
1753864863,0,61.02,0.39,363MB / 7.65MB,0B / 0B
1753864865,0,61.02,0.39,363MB / 7.65MB,0B / 0B
1753864868,0,61.02,0.39,363MB / 7.65MB,0B / 0B
1753864871,0,61.02,0.39,363MB / 7.65MB,0B / 0B
1753864874,0,61.02,0.39,363MB / 7.65MB,0B / 0B
1753864876,0,61.02,0.39,363MB / 7.65MB,0B / 0B
1753864879,0,61.02,0.39,363MB / 7.65MB,0B / 0B
1753864883,0,61.02,0.39,363MB / 7.65MB,0B / 0B
1753864885,0,61.02,0.39,363MB / 7.65MB,0B / 0B
1753864888,0,61.02,0.39,363MB / 7.65MB,0B / 0B
1753864891,0,61.02,0.39,363MB / 7.65MB,0B / 0B
1753864894,0,61.02,0.39,363MB / 7.65MB,0B / 0B
1753864896,0,61.02,0.39,363MB / 7.65MB,0B / 0B
1753864899,0,61.02,0.39,363MB / 7.65MB,0B / 0B
1753864903,0,61.02,0.39,363MB / 7.65MB,0B / 0B
1753864905,0,61.02,0.39,363MB / 7.65MB,0B / 0B
1753864908,0,61.02,0.39,363MB / 7.65MB,0B / 0B
1753864911,0,61.02,0.39,363MB / 7.65MB,0B / 0B
1753864914,0,61.02,0.39,363MB / 7.65MB,0B / 0B
1753864916,0,61.02,0.39,363MB / 7.65MB,0B / 0B
1753864919,0,61.02,0.39,363MB / 7.65MB,0B / 0B
1753864923,0,61.02,0.39,363MB / 7.65MB,0B / 0B
1753864925,0,61.02,0.39,363MB / 7.65MB,0B / 0B
1753864928,0,61.02,0.39,363MB / 7.65MB,0B / 0B
1753864931,0,61.02,0.39,363MB / 7.65MB,0B / 0B
1753864934,0,61.02,0.39,363MB / 7.65MB,0B / 0B
1753864936,0,61.02,0.39,363MB / 7.65MB,0B / 0B
1753864939,0,61.02,0.39,363MB / 7.65MB,0B / 0B
1753864943,0,61.02,0.39,363MB / 7.65MB,0B / 0B
1753864945,0,61.02,0.39,363MB / 7.65MB,0B / 0B
1753864948,0,61.02,0.39,363MB / 7.65MB,0B / 0B
1753864951,0,61.02,0.39,363MB / 7.65MB,0B / 0B
1753864954,0,61.02,0.39,363MB / 7.65MB,0B / 0B
1753864956,0,61.02,0.39,363MB / 7.65MB,0B / 0B
1753864959,0,61.02,0.39,363MB / 7.65MB,0B / 0B
1753864963,0,61.02,0.39,363MB / 7.65MB,0B / 0B
1753864965,0,61.02,0.39,363MB / 7.65MB,0B / 0B
1753864968,0,61.02,0.39,363MB / 7.65MB,0B / 0B
1753864971,0,61.02,0.39,363MB / 7.65MB,0B / 0B
1753864974,0,61.02,0.39,363MB / 7.65MB,0B / 0B
1753864976,0,61.02,0.39,363MB / 7.65MB,0B / 0B
1753864979,0,61.02,0.39,363MB / 7.65MB,0B / 0B
1753864983,0,61.02,0.39,363MB / 7.65MB,0B / 0B
1753864985,0,61.02,0.39,363MB / 7.65MB,0B / 0B
1753864988,0,61.02,0.39,363MB / 7.65MB,0B / 0B
1753864991,0,61.02,0.39,363MB / 7.65MB,0B / 0B
1753864994,0,61.02,0.39,363MB / 7.65MB,0B / 0B
1753864996,0,61.02,0.39,363MB / 7.65MB,0B / 0B
1753864999,0,61.02,0.39,363MB / 7.65MB,0B / 0B
1753865003,0,61.02,0.39,363MB / 7.65MB,0B / 0B
1753865005,0,61.02,0.39,363MB / 7.65MB,0B / 0B
1753865008,0,61.02,0.39,363MB / 7.65MB,0B / 0B
1753865011,0,61.02,0.39,363MB / 7.65MB,0B / 0B
1753865014,0,61.02,0.39,363MB / 7.65MB,0B / 0B
1753865016,0,61.02,0.39,363MB / 7.65MB,0B / 0B
1753865019,0,61.02,0.39,363MB / 7.65MB,0B / 0B
1753865023,0,61.02,0.39,363MB / 7.65MB,0B / 0B
1753865025,0,61.02,0.39,363MB / 7.65MB,0B / 0B
1753865028,0,61.02,0.39,363MB / 7.65MB,0B / 0B
1753865031,0,61.02,0.39,363MB / 7.65MB,0B / 0B
1753865034,0,61.02,0.39,363MB / 7.65MB,0B / 0B
1753865036,0,61.02,0.39,363MB / 7.65MB,0B / 0B
1753865040,0,61.02,0.39,363MB / 7.65MB,0B / 0B
1753865043,0,61.02,0.39,363MB / 7.65MB,0B / 0B
1753865045,0,61.02,0.39,363MB / 7.65MB,0B / 0B
1753865048,0,61.02,0.39,363MB / 7.65MB,0B / 0B
1753865051,0,61.02,0.39,363MB / 7.65MB,0B / 0B
1753865054,0,61.02,0.39,363MB / 7.65MB,0B / 0B
1753865057,0,61.02,0.39,363MB / 7.65MB,0B / 0B
1753865060,0,61.02,0.39,363MB / 7.65MB,0B / 0B
1753865063,0,61.02,0.39,363MB / 7.65MB,0B / 0B
1753865065,0,61.02,0.39,363MB / 7.65MB,0B / 0B
1753865068,0,61.02,0.39,363MB / 7.65MB,0B / 0B
1753865071,0,61.02,0.39,363MB / 7.65MB,0B / 0B
1753865074,0,61.02,0.39,363MB / 7.65MB,0B / 0B
1753865077,0,61.02,0.39,363MB / 7.65MB,0B / 0B
1753865080,0,61.02,0.39,363MB / 7.65MB,0B / 0B
1753865083,0,61.02,0.39,363MB / 7.65MB,0B / 0B
1753865085,0,61.02,0.39,363MB / 7.65MB,0B / 0B
1753865088,0,61.02,0.39,363MB / 7.65MB,0B / 0B
1753865091,0,61.02,0.39,363MB / 7.65MB,0B / 0B
1753865094,0,61.02,0.39,363MB / 7.65MB,0B / 0B
1753865097,0,61.02,0.39,363MB / 7.65MB,0B / 0B
1753865100,0,61.02,0.39,363MB / 7.65MB,0B / 0B
1753865103,0,61.02,0.39,363MB / 7.65MB,0B / 0B
1753865105,0,61.02,0.39,363MB / 7.65MB,0B / 0B
1753865108,0,61.02,0.39,363MB / 7.65MB,0B / 0B
1753865111,0,61.02,0.39,363MB / 7.65MB,0B / 0B
1753865114,0,61.02,0.39,363MB / 7.65MB,0B / 0B
1753865117,0,61.02,0.39,363MB / 7.65MB,0B / 0B
1753865120,0,61.02,0.39,363MB / 7.65MB,0B / 0B
1753865123,0,61.02,0.39,363MB / 7.65MB,0B / 0B
1753865125,0,61.02,0.39,363MB / 7.65MB,0B / 0B
1753865128,0,61.02,0.39,363MB / 7.65MB,0B / 0B
1753865131,0,61.02,0.39,363MB / 7.65MB,0B / 0B
1753865134,0,61.02,0.39,363MB / 7.65MB,0B / 0B
1753865137,0,61.02,0.39,363MB / 7.65MB,0B / 0B
1753865140,0,61.02,0.39,363MB / 7.65MB,0B / 0B
1753865143,0,61.02,0.39,363MB / 7.65MB,0B / 0B
1753865146,0,61.02,0.39,363MB / 7.65MB,0B / 0B
1753865148,0,61.02,0.39,363MB / 7.65MB,0B / 0B
1753865151,0,61.02,0.39,363MB / 7.65MB,0B / 0B
1753865154,0,61.02,0.39,363MB / 7.65MB,0B / 0B
1753865157,0,61.02,0.39,363MB / 7.65MB,0B / 0B
1753865160,0,61.02,0.39,363MB / 7.65MB,0B / 0B
1753865163,0,61.02,0.39,363MB / 7.65MB,0B / 0B
1753865166,0,61.02,0.39,363MB / 7.65MB,0B / 0B
1753865168,0,61.02,0.39,363MB / 7.65MB,0B / 0B
1753865171,0,61.02,0.39,363MB / 7.65MB,0B / 0B
1753865174,0,61.02,0.39,363MB / 7.65MB,0B / 0B
1753865177,0,61.02,0.39,363MB / 7.65MB,0B / 0B
1753865180,0,61.02,0.39,363MB / 7.65MB,0B / 0B
1753865183,0,61.02,0.39,363MB / 7.65MB,0B / 0B
1753865186,0,61.02,0.39,363MB / 7.65MB,0B / 0B
1753865188,0,61.02,0.39,363MB / 7.65MB,0B / 0B
1753865191,0,61.02,0.39,363MB / 7.65MB,0B / 0B
1753865194,0,61.02,0.39,363MB / 7.65MB,0B / 0B
1753865197,0,61.02,0.39,363MB / 7.65MB,0B / 0B
1753865200,0,61.02,0.39,363MB / 7.65MB,0B / 0B
1753865203,0,61.02,0.39,363MB / 7.65MB,0B / 0B
1753865206,0,61.02,0.39,363MB / 7.65MB,0B / 0B
1753865208,0,61.02,0.39,363MB / 7.65MB,0B / 0B
1753865211,0,61.02,0.39,363MB / 7.65MB,0B / 0B
1753865214,0,61.02,0.39,363MB / 7.65MB,0B / 0B
1753865217,0,61.02,0.39,363MB / 7.65MB,0B / 0B
1753865220,0,61.02,0.39,363MB / 7.65MB,0B / 0B
1753865223,0,61.02,0.39,363MB / 7.65MB,0B / 0B
1753865226,0,61.02,0.39,363MB / 7.65MB,0B / 0B
